length_multiply,mpn_s,mpn_d,desired_p_decoy,desired_p_z_alice,factor_x_mud,factor_total,SKR
10000000.0,0.165,0.145,0.12000000000000001,0.98,1,1,[50140801.22501084]
10000000.0,0.165,0.145,0.9400000000000001,0.98,1,1,[36785678.71585605]
10000000.0,0.165,0.145,0.9600000000000001,0.98,1,1,[36371905.9288788]
10000000.0,0.165,0.145,0.98,0.9400000000000001,1,1,[34438531.02642103]
10000000.0,0.165,0.145,0.98,0.9600000000000001,1,1,[35166470.52579718]
10000000.0,0.165,0.145,0.98,0.98,1,1,[35871042.00441268]
