length_multiply,mpn_s,mpn_d,desired_p_decoy,desired_p_z_alice,factor_x_mud,factor_total,SKR
10000000.0,0.75,0.5625,0.04,0.98,1,1,[1052286.59875934]
10000000.0,0.75,0.5625,0.9400000000000001,0.98,1,1,[745588.4677523]
10000000.0,0.75,0.5625,0.9600000000000001,0.98,1,1,[730973.29884803]
10000000.0,0.75,0.5625,0.98,0.9400000000000001,1,1,[682885.27581739]
10000000.0,0.75,0.5625,0.98,0.9600000000000001,1,1,[697389.84318389]
10000000.0,0.75,0.5625,0.98,0.98,1,1,[711761.12489981]
