length_multiply,mpn_s,mpn_d,desired_p_decoy,desired_p_z_alice,factor_x_mud,factor_total,SKR
10000000.0,0.7,0.6649999999999999,0.02,0.7200000000000001,1,1,[1168806.12405115]
10000000.0,0.7,0.6649999999999999,0.9400000000000001,0.98,1,1,[2424359.16040842]
10000000.0,0.7,0.6649999999999999,0.9600000000000001,0.98,1,1,[2399046.28550465]
10000000.0,0.7,0.6649999999999999,0.98,0.9400000000000001,1,1,[2273085.24572693]
10000000.0,0.7,0.6649999999999999,0.98,0.9600000000000001,1,1,[2321218.93999056]
10000000.0,0.7,0.6649999999999999,0.98,0.98,1,1,[2368035.85140646]
