length_multiply,mpn_s,mpn_d,desired_p_decoy,desired_p_z_alice,factor_x_mud,factor_total,SKR
10000000.0,0.8,0.76,0.02,0.7200000000000001,1,1,[656817.8401489]
10000000.0,0.8,0.76,0.9600000000000001,0.98,1,1,[1176944.74057094]
10000000.0,0.8,0.76,0.98,0.98,1,1,[1158894.15569317]
