length_multiply,mpn_s,mpn_d,desired_p_decoy,desired_p_z_alice,factor_x_mud,factor_total,SKR
10000000.0,0.125,0.11,0.06,0.98,1,1,[24961736.89426415]
10000000.0,0.125,0.11,0.9400000000000001,0.98,1,1,[18424609.56766542]
10000000.0,0.125,0.11,0.9600000000000001,0.98,1,1,[18202250.4454617]
10000000.0,0.125,0.11,0.98,0.9400000000000001,1,1,[17200918.21251151]
10000000.0,0.125,0.11,0.98,0.9600000000000001,1,1,[17566189.98335986]
10000000.0,0.125,0.11,0.98,0.98,1,1,[17928104.39205253]
